{"cameraMode":{"drawMode":0,"name":"Shaded","section":"Shading Mode"},"sceneLighting":false,"audioPlay":false,"sceneViewState":{"m_AlwaysRefresh":false,"showFog":true,"showSkybox":false,"showFlares":true,"showImageEffects":true,"showParticleSystems":true,"showVisualEffectGraphs":true,"m_FxEnabled":true},"in2DMode":false,"pivot":{"x":-1.4999995231628419,"y":3.7499990463256838,"z":1.5000009536743165},"rotation":{"x":-0.02614659257233143,"y":0.6987597346305847,"z":0.025586441159248353,"w":0.7144577503204346},"size":2.1213462352752687,"orthographic":false}