{"cameraMode":{"drawMode":0,"name":"Shaded","section":"Shading Mode"},"sceneLighting":false,"audioPlay":false,"sceneViewState":{"m_AlwaysRefresh":false,"showFog":true,"showSkybox":false,"showFlares":true,"showImageEffects":true,"showParticleSystems":true,"showVisualEffectGraphs":true,"m_FxEnabled":true},"in2DMode":false,"pivot":{"x":-9.039193153381348,"y":0.30021584033966067,"z":0.027184665203094484},"rotation":{"x":-0.0043892161920666698,"y":0.9915386438369751,"z":-0.12500445544719697,"w":-0.03481597453355789},"size":0.2780422866344452,"orthographic":false}