{"cameraMode":{"drawMode":0,"name":"Shaded","section":"Shading Mode"},"sceneLighting":false,"audioPlay":false,"sceneViewState":{"m_AlwaysRefresh":false,"showFog":true,"showSkybox":false,"showFlares":true,"showImageEffects":true,"showParticleSystems":true,"showVisualEffectGraphs":true,"m_FxEnabled":true},"in2DMode":false,"pivot":{"x":20.1564884185791,"y":-0.0003604888916015625,"z":-5.808384895324707},"rotation":{"x":0.27600252628326418,"y":-0.15464407205581666,"z":0.04777887091040611,"w":0.9477724432945252},"size":4.504347324371338,"orthographic":false}