{"cameraMode":{"drawMode":0,"name":"Shaded","section":"Shading Mode"},"sceneLighting":false,"audioPlay":false,"sceneViewState":{"m_AlwaysRefresh":false,"showFog":true,"showSkybox":false,"showFlares":true,"showImageEffects":true,"showParticleSystems":true,"showVisualEffectGraphs":true,"m_FxEnabled":true},"in2DMode":false,"pivot":{"x":-16.460548400878908,"y":0.6191028356552124,"z":14.167613983154297},"rotation":{"x":0.004872756544500589,"y":-0.9343051314353943,"z":0.0321844145655632,"w":0.3564882278442383},"size":10.909445762634278,"orthographic":false}