{"cameraMode":{"drawMode":0,"name":"Shaded","section":"Shading Mode"},"sceneLighting":false,"audioPlay":false,"sceneViewState":{"m_AlwaysRefresh":false,"showFog":true,"showSkybox":false,"showFlares":true,"showImageEffects":true,"showParticleSystems":true,"showVisualEffectGraphs":true,"m_FxEnabled":true},"in2DMode":false,"pivot":{"x":-29.60299301147461,"y":0.0000019073486328125,"z":-4.746129035949707},"rotation":{"x":-0.04018818214535713,"y":-0.9569877982139587,"z":0.23965127766132356,"w":-0.15962503850460053},"size":10.805793762207032,"orthographic":true}