{"cameraMode":{"drawMode":0,"name":"Shaded","section":"Shading Mode"},"sceneLighting":false,"audioPlay":false,"sceneViewState":{"m_AlwaysRefresh":false,"showFog":true,"showSkybox":false,"showFlares":true,"showImageEffects":true,"showParticleSystems":true,"showVisualEffectGraphs":true,"m_FxEnabled":true},"in2DMode":false,"pivot":{"x":7.234981536865234,"y":1.999502420425415,"z":24.462520599365236},"rotation":{"x":0.023658739402890207,"y":-0.37396901845932009,"z":-0.016769608482718469,"w":-0.9276343584060669},"size":2.5997836589813234,"orthographic":false}