{"cameraMode":{"drawMode":0,"name":"Shaded","section":"Shading Mode"},"sceneLighting":false,"audioPlay":false,"sceneViewState":{"m_AlwaysRefresh":false,"showFog":true,"showSkybox":false,"showFlares":true,"showImageEffects":true,"showParticleSystems":true,"showVisualEffectGraphs":true,"m_FxEnabled":true},"in2DMode":false,"pivot":{"x":2.0581536293029787,"y":3.263611078262329,"z":24.066314697265626},"rotation":{"x":0.02610189840197563,"y":-0.9646610021591187,"z":0.16251976788043977,"w":0.20933102071285249},"size":3.2309699058532717,"orthographic":false}