{"cameraMode":{"drawMode":0,"name":"Shaded","section":"Shading Mode"},"sceneLighting":false,"audioPlay":false,"sceneViewState":{"m_AlwaysRefresh":false,"showFog":true,"showSkybox":false,"showFlares":true,"showImageEffects":true,"showParticleSystems":true,"showVisualEffectGraphs":true,"m_FxEnabled":true},"in2DMode":false,"pivot":{"x":5.737695693969727,"y":1.933820128440857,"z":18.522485733032228},"rotation":{"x":-0.020711706951260568,"y":-0.9383737444877625,"z":0.037782296538352969,"w":-0.3445018231868744},"size":2.1336357593536379,"orthographic":false}