{"cameraMode":{"drawMode":0,"name":"Shaded","section":"Shading Mode"},"sceneLighting":false,"audioPlay":false,"sceneViewState":{"m_AlwaysRefresh":false,"showFog":true,"showSkybox":false,"showFlares":true,"showImageEffects":true,"showParticleSystems":true,"showVisualEffectGraphs":true,"m_FxEnabled":true},"in2DMode":false,"pivot":{"x":12.950141906738282,"y":10.813607215881348,"z":-5.495577335357666},"rotation":{"x":-0.003990079276263714,"y":-0.9380775094032288,"z":0.010689360089600087,"w":-0.3463604748249054},"size":19.294681549072267,"orthographic":false}