{"cameraMode":{"drawMode":0,"name":"Shaded","section":"Shading Mode"},"sceneLighting":false,"audioPlay":false,"sceneViewState":{"m_AlwaysRefresh":false,"showFog":true,"showSkybox":false,"showFlares":true,"showImageEffects":true,"showParticleSystems":true,"showVisualEffectGraphs":true,"m_FxEnabled":true},"in2DMode":false,"pivot":{"x":16.110685348510743,"y":0.33732128143310549,"z":12.956762313842774},"rotation":{"x":-0.14568883180618287,"y":-0.7824782133102417,"z":0.18734906613826753,"w":-0.576737105846405},"size":13.231143951416016,"orthographic":false}