{"cameraMode":{"drawMode":0,"name":"Shaded","section":"Shading Mode"},"sceneLighting":false,"audioPlay":false,"sceneViewState":{"m_AlwaysRefresh":false,"showFog":true,"showSkybox":false,"showFlares":true,"showImageEffects":true,"showParticleSystems":true,"showVisualEffectGraphs":true,"m_FxEnabled":true},"in2DMode":false,"pivot":{"x":0.9945228099822998,"y":4.265432834625244,"z":11.254878997802735},"rotation":{"x":-0.15611015260219575,"y":0.27486732602119448,"z":-0.04744550213217735,"w":-0.9480372667312622},"size":1.3460813760757447,"orthographic":false}