{"cameraMode":{"drawMode":0,"name":"Shaded","section":"Shading Mode"},"sceneLighting":false,"audioPlay":false,"sceneViewState":{"m_AlwaysRefresh":false,"showFog":true,"showSkybox":false,"showFlares":true,"showImageEffects":true,"showParticleSystems":true,"showVisualEffectGraphs":true,"m_FxEnabled":true},"in2DMode":false,"pivot":{"x":21.576644897460939,"y":5.814168930053711,"z":-7.82614803314209},"rotation":{"x":0.7106366157531738,"y":0.008911081589758397,"z":-0.008479421027004719,"w":0.7038227915763855},"size":14.768259048461914,"orthographic":true}