{"cameraMode":{"drawMode":0,"name":"Shaded","section":"Shading Mode"},"sceneLighting":false,"audioPlay":false,"sceneViewState":{"m_AlwaysRefresh":false,"showFog":true,"showSkybox":false,"showFlares":true,"showImageEffects":true,"showParticleSystems":true,"showVisualEffectGraphs":true,"m_FxEnabled":true},"in2DMode":false,"pivot":{"x":-0.09559440612792969,"y":0.15929004549980164,"z":-0.3459204435348511},"rotation":{"x":-0.2600950598716736,"y":-0.11470344662666321,"z":0.028230562806129457,"w":-0.9586725234985352},"size":23.041351318359376,"orthographic":false}