{"cameraMode":{"drawMode":0,"name":"Shaded","section":"Shading Mode"},"sceneLighting":false,"audioPlay":false,"sceneViewState":{"m_AlwaysRefresh":false,"showFog":true,"showSkybox":false,"showFlares":true,"showImageEffects":true,"showParticleSystems":true,"showVisualEffectGraphs":true,"m_FxEnabled":true},"in2DMode":false,"pivot":{"x":2.9637227058410646,"y":1.6546504497528077,"z":-8.058036804199219},"rotation":{"x":0.04799720644950867,"y":0.5880177617073059,"z":-0.024817999452352525,"w":0.8079473376274109},"size":0.9919052124023438,"orthographic":false}