{"cameraMode":{"drawMode":0,"name":"Shaded","section":"Shading Mode"},"sceneLighting":false,"audioPlay":false,"sceneViewState":{"m_AlwaysRefresh":false,"showFog":true,"showSkybox":false,"showFlares":true,"showImageEffects":true,"showParticleSystems":true,"showVisualEffectGraphs":true,"m_FxEnabled":true},"in2DMode":false,"pivot":{"x":23.423107147216798,"y":1.945435643196106,"z":0.9584422707557678},"rotation":{"x":0.24508413672447205,"y":-0.6586172580718994,"z":0.24122121930122376,"w":0.669450581073761},"size":2.7842495441436769,"orthographic":true}