{"cameraMode":{"drawMode":0,"name":"Shaded","section":"Shading Mode"},"sceneLighting":false,"audioPlay":false,"sceneViewState":{"m_AlwaysRefresh":false,"showFog":true,"showSkybox":false,"showFlares":true,"showImageEffects":true,"showParticleSystems":true,"showVisualEffectGraphs":true,"m_FxEnabled":true},"in2DMode":false,"pivot":{"x":4.747988700866699,"y":2.042120933532715,"z":-21.739309310913087},"rotation":{"x":-0.01941550523042679,"y":-0.49062010645866396,"z":0.0010016226442530752,"w":-0.8719889521598816},"size":4.043661117553711,"orthographic":false}