{"cameraMode":{"drawMode":0,"name":"Shaded","section":"Shading Mode"},"sceneLighting":false,"audioPlay":false,"sceneViewState":{"m_AlwaysRefresh":false,"showFog":true,"showSkybox":false,"showFlares":true,"showImageEffects":true,"showParticleSystems":true,"showVisualEffectGraphs":true,"m_FxEnabled":true},"in2DMode":false,"pivot":{"x":-1.1452128887176514,"y":0.1213427186012268,"z":-0.5321919322013855},"rotation":{"x":-0.0121706398203969,"y":0.9876953959465027,"z":-0.10170403122901917,"w":-0.11819271743297577},"size":0.6477684378623962,"orthographic":false}