{"cameraMode":{"drawMode":0,"name":"Shaded","section":"Shading Mode"},"sceneLighting":false,"audioPlay":false,"sceneViewState":{"m_AlwaysRefresh":false,"showFog":true,"showSkybox":false,"showFlares":true,"showImageEffects":true,"showParticleSystems":true,"showVisualEffectGraphs":true,"m_FxEnabled":true},"in2DMode":false,"pivot":{"x":0.000017642974853515625,"y":1.4528651237487794,"z":-0.01205366849899292},"rotation":{"x":-0.0002573668316472322,"y":-0.9576118588447571,"z":0.2880697250366211,"w":-0.0008557663531973958},"size":1.7940423488616944,"orthographic":false}