Time,Total Reserved Memory (MB),Total Used Memory (MB),FPS
0.9884971,2860.887,2269.381,102.3175
1.991902,2860.887,2269.576,121.0581
2.992415,2860.887,2269.774,41.91677
4.006145,2860.887,2269.494,45.64188
5.011718,2860.887,2269.589,39.87591
6.016014,2860.887,2269.752,17.55633
7.023305,2860.887,2269.838,105.5442
8.04353,2860.887,2269.404,38.38374
9.046006,2860.887,2269.491,25.56989
10.11034,2860.887,2269.549,14.95419
