{"cameraMode":{"drawMode":0,"name":"Shaded","section":"Shading Mode"},"sceneLighting":false,"audioPlay":false,"sceneViewState":{"m_AlwaysRefresh":false,"showFog":true,"showSkybox":false,"showFlares":true,"showImageEffects":true,"showParticleSystems":true,"showVisualEffectGraphs":true,"m_FxEnabled":true},"in2DMode":false,"pivot":{"x":-1.4943262338638306,"y":1.5002319812774659,"z":1.4908473491668702},"rotation":{"x":-0.47376349568367007,"y":0.1195097267627716,"z":-0.06506814062595368,"w":-0.8700904846191406},"size":2.6274049282073976,"orthographic":false}