{"cameraMode":{"drawMode":0,"name":"Shaded","section":"Shading Mode"},"sceneLighting":false,"audioPlay":false,"sceneViewState":{"m_AlwaysRefresh":false,"showFog":true,"showSkybox":false,"showFlares":true,"showImageEffects":true,"showParticleSystems":true,"showVisualEffectGraphs":true,"m_FxEnabled":true},"in2DMode":false,"pivot":{"x":-1.5000004768371583,"y":0.0000023855827748775484,"z":0.4999997913837433},"rotation":{"x":-0.47376349568367007,"y":0.1195097267627716,"z":-0.06506814062595368,"w":-0.8700904846191406},"size":1.5811488628387452,"orthographic":false}