{"cameraMode":{"drawMode":0,"name":"Shaded","section":"Shading Mode"},"sceneLighting":false,"audioPlay":false,"sceneViewState":{"m_AlwaysRefresh":false,"showFog":true,"showSkybox":false,"showFlares":true,"showImageEffects":true,"showParticleSystems":true,"showVisualEffectGraphs":true,"m_FxEnabled":true},"in2DMode":false,"pivot":{"x":1.5198783874511719,"y":1.5002321004867554,"z":1.515110731124878},"rotation":{"x":-0.02614659257233143,"y":0.6987597346305847,"z":0.025586441159248353,"w":0.7144577503204346},"size":2.6388096809387209,"orthographic":false}